-- phpMyAdmin SQL Dump
-- version 4.8.5
-- https://www.phpmyadmin.net/
--
-- Hôte : localhost:8889
-- Généré le :  mer. 18 déc. 2019 à 16:20
-- Version du serveur :  5.7.25
-- Version de PHP :  7.3.1

SET SQL_MODE = "NO_AUTO_VALUE_ON_ZERO";
SET time_zone = "+00:00";

--
-- Base de données :  `myfavoritemeal`
--

-- --------------------------------------------------------

--
-- Structure de la table `category`
--

CREATE TABLE `category` (
  `id` int(10) NOT NULL,
  `name` varchar(40) NOT NULL,
  `photo` varchar(20) NOT NULL
) ENGINE=InnoDB DEFAULT CHARSET=utf8mb4;

--
-- Déchargement des données de la table `category`
--

INSERT INTO `category` (`id`, `name`, `photo`) VALUES
(1, 'Junk Food', 'junk.jpg'),
(2, 'Rafinée', 'gastro.jpg'),
(5, 'Familiale', 'familiale.jpg'),
(7, 'Sucrée', 'sucre.jpg'),
(9, 'Boissons', 'boisson.png'),
(10, 'Végétarien', 'vegetarien.jpg');

-- --------------------------------------------------------

--
-- Structure de la table `ingredient`
--

CREATE TABLE `ingredient` (
  `id` int(10) UNSIGNED NOT NULL,
  `name` varchar(70) NOT NULL,
  `quantity` varchar(50) NOT NULL,
  `recipe_id` int(10) NOT NULL
) ENGINE=InnoDB DEFAULT CHARSET=utf8mb4;

--
-- Déchargement des données de la table `ingredient`
--

INSERT INTO `ingredient` (`id`, `name`, `quantity`, `recipe_id`) VALUES
(30, 'Oeufs', '10', 41),
(31, 'Choux', '3', 41),
(32, 'vin blanc', '4 L', 41),
(104, 'saké', '10 bols', 52),
(105, 'Pastis', 'Une lichette', 52),
(172, 'Oeufs', '10 ', 54),
(173, 'Lait', '1 l', 54),
(174, 'Pommes', '5', 54),
(175, 'pommes', '10', 54),
(189, 'Pommes', '10', 56),
(190, 'Farine', '100g', 56),
(191, 'patates', '100 ', 56),
(192, 'Sucre', '10 cas', 56),
(193, 'cacao', '100 g', 56),
(199, 'Beaujolais nouveau de l\'année dernière', '1 l', 53),
(200, 'blanc de savoie', '30 cl', 53),
(201, 'Oeufs', '100', 53),
(202, 'Salades', '18', 53),
(205, 'patates', '10', 51),
(206, 'sucre', '23 g', 51),
(207, 'oeufs', '6', 51),
(210, 'Farine', '100 g', 50),
(211, 'oeuf', '1', 50),
(212, 'pommes', '10', 49),
(213, 'sucre', '6 g', 49),
(214, 'farine', '100 g', 48),
(215, 'pommes', '10 ', 48),
(216, 'farine', '20 g', 47),
(217, 'pommes', '10 ', 47),
(218, 'choux', '10', 15),
(219, 'maroille', '1kg', 16),
(220, 'poivre', '10 cas', 17),
(221, 'vinaigre', '1 cas', 18),
(222, 'casimir', 'une cuisse', 19),
(226, 'Pain', 'une baguette', 20),
(227, 'eau', '2 cas', 20),
(228, 'eau', '2l', 22),
(229, 'pommes', '8', 22),
(230, 'Huile', '3 l', 23),
(231, 'eau', '1 litre', 24),
(232, 'destop Turbo', '3 C à S', 24),
(233, 'eau', '1 litre', 25),
(234, 'destop Turbo', '3 C à S', 25),
(235, 'Saint dou', '1 kg', 26),
(236, 'cervelle d\'agneau', '500g', 26),
(237, 'Saint dou', '1 kg', 27),
(238, 'cervelle d\'agneau', '500g', 27),
(239, 'eau', '8L', 28),
(240, 'zerze', 'eezz', 29),
(241, 'pain', '4 tranches ', 30),
(242, 'farine', '100 g', 31),
(243, 'farine', '100g', 32),
(244, 'eau', '1l', 33),
(245, 'huile d\'olive', '1l', 34),
(246, 'huile de colza', '2l ', 35),
(247, 'huile de noix', '3l', 36),
(248, 'eau de vie', '10 l', 37),
(249, 'cacao', '10g', 38),
(250, 'eau', '1l ', 39),
(251, 'lait', '500 ml', 40),
(252, 'farine', '250 g', 40),
(253, 'oeufs', '4 ', 40),
(254, 'sel', 'une pincée', 40),
(255, 'huile', 'une c a s', 40),
(256, 'pain', '100 g', 42),
(257, 'oeufs', '10', 42),
(258, 'Farine', '10 g', 42),
(259, 'sel', '3,7 kg', 44),
(260, 'endives', '8', 44),
(261, 'crème fraiche', '8 litres', 44),
(262, 'Oeufs', '3', 45),
(263, 'plus', 'rien', 45),
(264, 'oeuf', 'Si encore 1', 45),
(265, 'patates', '10', 57),
(266, 'fraises', '20', 57),
(267, 'eau', '100 l', 21),
(282, 'eau', '10 l', 60),
(283, 'oeufs', '3', 60);

-- --------------------------------------------------------

--
-- Structure de la table `recipe`
--

CREATE TABLE `recipe` (
  `id` int(10) NOT NULL,
  `title` varchar(60) NOT NULL,
  `description` tinytext NOT NULL,
  `recipe` text NOT NULL,
  `created_at` datetime NOT NULL,
  `user_id` int(10) NOT NULL,
  `category_id` int(10) NOT NULL,
  `checked` varchar(10) DEFAULT NULL
) ENGINE=InnoDB DEFAULT CHARSET=utf8mb4;

--
-- Déchargement des données de la table `recipe`
--

INSERT INTO `recipe` (`id`, `title`, `description`, `recipe`, `created_at`, `user_id`, `category_id`, `checked`) VALUES
(1, 'La pizza de Nico', 'Une pizza facile à faire!', 'achetez une pate à pizza toute prête, jetez la farine et la levure à la poubelle, mettez tous les ingrédients sur la pâte et enfournez. ', '2019-08-14 07:00:00', 1, 1, 'ok'),
(14, 'Le burger à l\'ail', 'Une longueur en bouche incroyable.', 'Lorem ipsum dolor sit amet, consectetur adipisicing elit, sed do eiusmod\r\ntempor incididunt ut labore et dolore magna aliqua. Ut enim ad minim veniam,\r\nquis nostrud exercitation ullamco laboris nisi ut aliquip ex ea commodo\r\nconsequat. Duis aute irure dolor in reprehenderit in voluptate velit esse\r\ncillum dolore eu fugiat nulla pariatur.', '2019-08-17 00:00:00', 2, 1, 'ok'),
(15, 'Gratin aux algues', 'Produits locaux garantis', 'Lorem ipsum dolor sit amet, consectetur adipisicing elit, sed do eiusmod\ntempor incididunt ut labore et dolore magna aliqua. Ut enim ad minim veniam,\nquis nostrud exercitation ullamco laboris nisi ut aliquip ex ea commodo\nconsequat. Duis aute irure dolor in reprehenderit in voluptate velit esse\ncillum dolore eu fugiat nulla pariatur.', '2019-08-17 00:00:00', 3, 10, 'ok'),
(16, 'Souflé au maroille', 'Etaler le maroille sur du pain.', 'Lorem ipsum dolor sit amet, consectetur adipisicing elit, sed do eiusmod\ntempor incididunt ut labore et dolore magna aliqua. Ut enim ad minim veniam,\nquis nostrud exercitation ullamco laboris nisi ut aliquip ex ea commodo\nconsequat. Duis aute irure dolor in reprehenderit in voluptate velit esse\ncillum dolore eu fugiat nulla pariatur.', '2019-08-18 00:00:00', 4, 5, 'ok'),
(17, 'Huic Arabia', 'Erat autem diritatis', 'Huic Arabia est conserta, ex alio latere Nabataeis contigua; opima varietate conmerciorum castrisque oppleta validis et castellis, quae ad repellendos gentium vicinarum excursus sollicitudo pervigil veterum per oportunos saltus erexit et cautos. haec quoque civitates habet inter oppida quaedam ingentes Bostram et Gerasam atque Philadelphiam murorum firmitate cautissimas. hanc provinciae inposito nomine rectoreque adtributo obtemperare legibus nostris Traianus conpulit imperator incolarum tumore saepe contunso cum glorioso marte Mediam urgeret et Parthos.\n\nErat autem diritatis eius hoc quoque indicium nec obscurum nec latens, quod ludicris cruentis delectabatur et in circo sex vel septem aliquotiens vetitis certaminibus pugilum vicissim se concidentium perfusorumque sanguine specie ut lucratus ingentia laetabatur.\n\nQuae dum ita struuntur, indicatum est apud Tyrum indumentum regale textum occulte, incertum quo locante vel cuius usibus apparatum. ideoque rector provinciae tunc pater Apollinaris eiusdem nominis ut conscius ductus est aliique congregati sunt ex diversis civitatibus multi, qui atrocium criminum ponderibus urgebantur.', '2019-09-10 13:53:11', 8, 9, 'ok'),
(18, 'Vinaigrette du Touvet', 'Une vinaifrette qui pique', 'Ut enim benefici liberalesque sumus, non ut exigamus gratiam (neque enim beneficium faeneramur sed natura propensi ad liberalitatem sumus), sic amicitiam non spe mercedis adducti sed quod omnis eius fructus in ipso amore inest, expetendam putamus.\n\nPost hanc adclinis Libano monti Phoenice, regio plena gratiarum et venustatis, urbibus decorata magnis et pulchris; in quibus amoenitate celebritateque nominum Tyros excellit, Sidon et Berytus isdemque pares Emissa et Damascus saeculis condita priscis.\n\nNovitates autem si spem adferunt, ut tamquam in herbis non fallacibus fructus appareat, non sunt illae quidem repudiandae, vetustas tamen suo loco conservanda; maxima est enim vis vetustatis et consuetudinis. Quin in ipso equo, cuius modo feci mentionem, si nulla res impediat, nemo est, quin eo, quo consuevit, libentius utatur quam intractato et novo. Nec vero in hoc quod est animal, sed in iis etiam quae sunt inanima, consuetudo valet, cum locis ipsis delectemur, montuosis etiam et silvestribus, in quibus diutius commorati sumus.', '2019-09-10 13:59:30', 8, 9, 'ok'),
(19, 'Le gloubiboulga', 'Le gloubiboulga le plus puissant de la terre', 'Je n\'ai pas la recette', '2019-09-11 12:49:42', 8, 10, 'ok'),
(20, 'Pain dur', 'Comme de la pierre', 'Et eodem impetu Domitianum praecipitem per scalas itidem funibus constrinxerunt, eosque coniunctos per ampla spatia civitatis acri raptavere discursu. iamque artuum et membrorum divulsa conpage superscandentes corpora mortuorum ad ultimam truncata deformitatem velut exsaturati mox abiecerunt in flumen.\n\nBatnae municipium in Anthemusia conditum Macedonum manu priscorum ab Euphrate flumine brevi spatio disparatur, refertum mercatoribus opulentis, ubi annua sollemnitate prope Septembris initium mensis ad nundinas magna promiscuae fortunae convenit multitudo ad commercanda quae Indi mittunt et Seres aliaque plurima vehi terra marique consueta.\n\nExsistit autem hoc loco quaedam quaestio subdifficilis, num quando amici novi, digni amicitia, veteribus sint anteponendi, ut equis vetulis teneros anteponere solemus. Indigna homine dubitatio! Non enim debent esse amicitiarum sicut aliarum rerum satietates; veterrima quaeque, ut ea vina, quae vetustatem ferunt, esse debet suavissima; verumque illud est, quod dicitur, multos modios salis simul edendos esse, ut amicitiae munus expletum sit.\n\nNam sole orto magnitudine angusti gurgitis sed profundi a transitu arcebantur et dum piscatorios quaerunt lenunculos vel innare temere contextis cratibus parant, effusae legiones, quae hiemabant tunc apud Siden, isdem impetu occurrere veloci. et signis prope ripam locatis ad manus comminus conserendas denseta scutorum conpage semet scientissime praestruebant, ausos quoque aliquos fiducia nandi vel cavatis arborum truncis amnem permeare latenter facillime trucidarunt.\n\nEt quoniam inedia gravi adflictabantur, locum petivere Paleas nomine, vergentem in mare, valido muro firmatum, ubi conduntur nunc usque commeatus distribui militibus omne latus Isauriae defendentibus adsueti. circumstetere igitur hoc munimentum per triduum et trinoctium et cum neque adclivitas ipsa sine discrimine adiri letali, nec cuniculis quicquam geri posset, nec procederet ullum obsidionale commentum, maesti excedunt postrema vi subigente maiora viribus adgressuri.', '2019-09-11 13:31:54', 8, 5, 'ok'),
(21, 'industria milites', 'quid in amicitiam congeratur', 'Raptim igitur properantes ut motus sui rumores celeritate nimia praevenirent, vigore corporum ac levitate confisi per flexuosas semitas ad summitates collium tardius evadebant. et cum superatis difficultatibus arduis ad supercilia venissent fluvii Melanis alti et verticosi, qui pro muro tuetur accolas circumfusus, augente nocte adulta terrorem quievere paulisper lucem opperientes. arbitrabantur enim nullo inpediente transgressi inopino adcursu adposita quaeque vastare, sed in cassum labores pertulere gravissimos.', '2019-09-11 13:36:28', 8, 5, 'ok'),
(22, 'Iam virtutem', 'Hanc regionem praestitutis celebritati', 'Illud autem non dubitatur quod cum esset aliquando virtutum omnium domicilium Roma, ingenuos advenas plerique nobilium, ut Homerici bacarum suavitate Lotophagi, humanitatis multiformibus officiis retentabant.\n\nVbi curarum abiectis ponderibus aliis tamquam nodum et codicem difficillimum Caesarem convellere nisu valido cogitabat, eique deliberanti cum proximis clandestinis conloquiis et nocturnis qua vi, quibusve commentis id fieret, antequam effundendis rebus pertinacius incumberet confidentia, acciri mollioribus scriptis per simulationem tractatus publici nimis urgentis eundem placuerat Gallum, ut auxilio destitutus sine ullo interiret obstaculo.\n\nHanc regionem praestitutis celebritati diebus invadere parans dux ante edictus per solitudines Aboraeque amnis herbidas ripas, suorum indicio proditus, qui admissi flagitii metu exagitati ad praesidia descivere Romana. absque ullo egressus effectu deinde tabescebat immobilis.\n\nIam virtutem ex consuetudine vitae sermonisque nostri interpretemur nec eam, ut quidam docti, verborum magnificentia metiamur virosque bonos eos, qui habentur, numeremus, Paulos, Catones, Galos, Scipiones, Philos; his communis vita contenta est; eos autem omittamus, qui omnino nusquam reperiuntur.\n\nErat autem diritatis eius hoc quoque indicium nec obscurum nec latens, quod ludicris cruentis delectabatur et in circo sex vel septem aliquotiens vetitis certaminibus pugilum vicissim se concidentium perfusorumque sanguine specie ut lucratus ingentia laetabatur.', '2019-09-11 13:42:12', 8, 9, 'ok'),
(23, 'consensu', 'praesertim offensioni', 'Post hanc adclinis Libano monti Phoenice, regio plena gratiarum et venustatis, urbibus decorata magnis et pulchris; in quibus amoenitate celebritateque nominum Tyros excellit, Sidon et Berytus isdemque pares Emissa et Damascus saeculis condita priscis.\n\nHinc ille commotus ut iniusta perferens et indigna praefecti custodiam protectoribus mandaverat fidis. quo conperto Montius tunc quaestor acer quidem sed ad lenitatem propensior, consulens in commune advocatos palatinarum primos scholarum adlocutus est mollius docens nec decere haec fieri nec prodesse addensque vocis obiurgatorio sonu quod si id placeret, post statuas Constantii deiectas super adimenda vita praefecto conveniet securius cogitari.\n\nIntellectum est enim mihi quidem in multis, et maxime in me ipso, sed paulo ante in omnibus, cum M. Marcellum senatui reique publicae concessisti, commemoratis praesertim offensionibus, te auctoritatem huius ordinis dignitatemque rei publicae tuis vel doloribus vel suspicionibus anteferre. Ille quidem fructum omnis ante actae vitae hodierno die maximum cepit, cum summo consensu senatus, tum iudicio tuo gravissimo et maximo. Ex quo profecto intellegis quanta in dato beneficio sit laus, cum in accepto sit tanta gloria.\n\nMetuentes igitur idem latrones Lycaoniam magna parte campestrem cum se inpares nostris fore congressione stataria documentis frequentibus scirent, tramitibus deviis petivere Pamphyliam diu quidem intactam sed timore populationum et caedium, milite per omnia diffuso propinqua, magnis undique praesidiis conmunitam.', '2019-09-11 18:37:28', 8, 9, 'ok'),
(24, 'COCA Cola', 'familiarium agmina tamquam ', 'Illud tamen te esse admonitum volo, primum ut qualis es talem te esse omnes existiment ut, quantum a rerum turpitudine abes, tantum te a verborum libertate seiungas; deinde ut ea in alterum ne dicas, quae cum tibi falso responsa sint, erubescas. Quis est enim, cui via ista non pateat, qui isti aetati atque etiam isti dignitati non possit quam velit petulanter, etiamsi sine ulla suspicione, at non sine argumento male dicere? Sed istarum partium culpa est eorum, qui te agere voluerunt; laus pudoris tui, quod ea te invitum dicere videbamus, ingenii, quod ornate politeque dixisti.\n\nUt enim quisque sibi plurimum confidit et ut quisque maxime virtute et sapientia sic munitus est, ut nullo egeat suaque omnia in se ipso posita iudicet, ita in amicitiis expetendis colendisque maxime excellit. Quid enim? Africanus indigens mei? Minime hercule! ac ne ego quidem illius; sed ego admiratione quadam virtutis eius, ille vicissim opinione fortasse non nulla, quam de meis moribus habebat, me dilexit; auxit benevolentiam consuetudo. Sed quamquam utilitates multae et magnae consecutae sunt, non sunt tamen ab earum spe causae diligendi profectae', '2019-09-11 18:40:36', 8, 9, 'ok'),
(25, 'fortunas', 'sono fragosis', 'Ut enim quisque sibi plurimum confidit et ut quisque maxime virtute et sapientia sic munitus est, ut nullo egeat suaque omnia in se ipso posita iudicet, ita in amicitiis expetendis colendisque maxime excellit. Quid enim? Africanus indigens mei? Minime hercule! ac ne ego quidem illius; sed ego admiratione quadam virtutis eius, ille vicissim opinione fortasse non nulla, quam de meis moribus habebat, me dilexit; auxit benevolentiam consuetudo. Sed quamquam utilitates multae et magnae consecutae sunt, non sunt tamen ab earum spe causae diligendi profectae.', '2019-09-11 18:40:54', 8, 9, 'ok'),
(26, 'observatum est deincep ', 'vel terna, pecudum quae vehunt bina ', 'tam, claudebantur opulentae domus et clarae.\n\nAt nunc si ad aliquem bene nummatum tumentemque ideo honestus advena salutatum introieris, primitus tamquam exoptatus suscipieris et interrogatus multa coactusque mentiri, miraberis numquam antea visus summatem virum tenuem te sic enixius observantem, ut paeniteat ob haec bona tamquam praecipua non vidisse ante decennium Romam.\n\nQuam ob rem circumspecta cautela observatum est deinceps et cum edita montium petere coeperint grassatores, loci iniquitati milites cedunt. ubi autem in planitie potuerint reperiri, quod contingit adsidue, nec exsertare lacertos nec crispare permissi tela, quae vehunt bina vel terna, pecudum ritu inertium trucidantur.', '2019-09-12 13:00:00', 8, 9, 'ok'),
(27, 'abstergendae causa ', 'cruentam, claudebantur opulentae domus et clarae.', '\nRestabat ut Caesar post haec properaret accitus et abstergendae causa suspicionis sororem suam, eius uxorem, Constantius ad se tandem desideratam venire multis fictisque blanditiis hortabatur. quae licet ambigeret metuens saepe cruentum, spe tamen quod eum lenire poterit ut germanum profecta, cum Bithyniam introisset, in statione quae Caenos Gallicanos appellatur, absumpta est vi febrium repentina. cuius post obitum maritus contemplans cecidisse fiduciam qua se fultum existimabat, anxia cogitatione, quid moliretur haerebat.\n\nVictus universis caro ferina est lactisque abundans copia qua sustentantur, et herbae multiplices et siquae alites capi per aucupium possint, et plerosque mos vidimus frumenti usum et vini penitus ignorantes.\n\nPost hoc impie perpetratum quod in aliis quoque iam timebatur, tamquam licentia crudelitati indulta per suspicionum nebulas aestimati quidam noxii damnabantur. quorum pars necati, alii puniti bonorum multatione actique laribus suis extorres nullo sibi relicto praeter querelas et lacrimas, stipe conlaticia victitabant, et civili iustoque imperio ad voluntatem converso cruentam, claudebantur opulentae domus et clarae.\n\nCirca hos dies Lollianus primae lanuginis adulescens, Lampadi filius ex praefecto, exploratius causam Maximino spectante, convictus codicem noxiarum artium nondum per aetatem firmato consilio descripsisse, exulque mittendus, ut sperabatur, patris inpulsu provocavit ad principem, et iussus ad eius comitatum duci, de fumo, ut aiunt, in flammam traditus Phalangio Baeticae consulari cecidit funesti carnificis manu.', '2019-09-12 13:00:04', 8, 9, 'ok'),
(28, 'expetendam putamus.', 'neve senator quisquam inusitato e', 'Hanc regionem praestitutis celebritati diebus invadere parans dux ante edictus per solitudines Aboraeque amnis herbidas ripas, suorum indicio proditus, qui admissi flagitii metu exagitati ad praesidia descivere Romana. absque ullo egressus effectu deinde tabescebat immobilis.\n\nUt enim benefici liberalesque sumus, non ut exigamus gratiam (neque enim beneficium faeneramur sed natura propensi ad liberalitatem sumus), sic amicitiam non spe mercedis adducti sed quod omnis eius fructus in ipso amore inest, expetendam putamus.\n\nOb haec et huius modi multa, quae cernebantur in paucis, omnibus timeri sunt coepta. et ne tot malis dissimulatis paulatimque serpentibus acervi crescerent aerumnarum, nobilitatis decreto legati mittuntur: Praetextatus ex urbi praefecto et ex vicario Venustus et ex consulari Minervius oraturi, ne delictis supplicia sint grandiora, neve senator quisquam inusitato et inlicito more tormentis exponeretur.\n\nDum haec in oriente aguntur, Arelate hiemem agens Constantius post theatralis ludos atque circenses ambitioso editos apparatu diem sextum idus Octobres, qui imperii eius annum tricensimum terminabat, insolentiae pondera gravius librans, siquid dubium deferebatur aut falsum, pro liquido accipiens et conperto, inter alia excarnificatum Gerontium Magnentianae comitem partis exulari maerore multavit.', '2019-09-12 13:02:29', 8, 9, 'ok'),
(29, 'initium ab', 'armamentis instructam mari committat.', 'Apud has gentes, quarum exordiens initium ab Assyriis ad Nili cataractas porrigitur et confinia Blemmyarum, omnes pari sorte sunt bellatores seminudi coloratis sagulis pube tenus amicti, equorum adiumento pernicium graciliumque camelorum per diversa se raptantes, in tranquillis vel turbidis rebus: nec eorum quisquam aliquando stivam adprehendit vel arborem colit aut arva subigendo quaeritat victum, sed errant semper per spatia longe lateque distenta sine lare sine sedibus fixis aut legibus: nec idem perferunt diutius caelum aut tractus unius soli illis umquam placet.', '2019-09-12 13:02:32', 8, 9, 'ok'),
(30, 'tum iracundiae', 'pertinaces indignae philosophi', '\nFieri, inquam, Triari, nullo pacto potest, ut non dicas, quid non probes eius, a quo dissentias. quid enim me prohiberet Epicureum esse, si probarem, quae ille diceret? cum praesertim illa perdiscere ludus esset. Quam ob rem dissentientium inter se reprehensiones non sunt vituperandae, maledicta, contumeliae, tum iracundiae, contentiones concertationesque in disputando pertinaces indignae philosophia mihi videri solent.', '2019-09-12 13:04:43', 8, 9, 'ok'),
(31, 'prominenti terrarum', 'habent quoddam  vinculum', 'Ac ne quis a nobis hoc ita dici forte miretur, quod alia quaedam in hoc facultas sit ingeni, neque haec dicendi ratio aut disciplina, ne nos quidem huic uni studio penitus umquam dediti fuimus. Etenim omnes artes, quae ad humanitatem pertinent, habent quoddam commune vinculum, et quasi cognatione quadam inter se continentur.\n\nHae duae provinciae bello quondam piratico catervis mixtae praedonum a Servilio pro consule missae sub iugum factae sunt vectigales. et hae quidem regiones velut in prominenti terrarum lingua positae ob orbe eoo monte Amano disparantur.', '2019-09-12 13:05:58', 8, 9, 'ok'),
(32, 'Parthenium', 'dicioni Romanae ', '\nHTML vers TEXTE et TEXTE vers HTML\nGénérer 2 paragraphes\nGénérer 3 paragraphes\nGénérer 5 paragraphes\nGénérer 10 paragraphes\nGénérer 5 mots aléatoires\nGénérer 10 mots aléatoires\nGénérer 15 mots aléatoires\nGénérer 20 mots aléatoires\nGénérer 30 mots aléatoires\nGénérer 5 listes aléatoires\nGénérer 10 listes aléatoires\nGénérer 15 listes aléatoires\nGénérer 20 listes aléatoires\nGénérer 30 listes aléatoires\nIam in altera philosophiae parte. quae est quaerendi ac disserendi, quae logikh dicitur, iste vester plane, ut mihi quidem videtur, inermis ac nudus est. tollit definitiones, nihil de dividendo ac partiendo docet, non quo modo efficiatur concludaturque ratio tradit, non qua via captiosa solvantur ambigua distinguantur ostendit; iudicia rerum in sensibus ponit, quibus si semel aliquid falsi pro vero probatum sit, sublatum esse omne iudicium veri et falsi putat.\n\nHas autem provincias, quas Orontes ambiens amnis imosque pedes Cassii montis illius celsi praetermeans funditur in Parthenium mare, Gnaeus Pompeius superato Tigrane regnis Armeniorum abstractas dicioni Romanae coniunxit.\n\nAc ne quis a nobis hoc ita dici forte miretur, quod alia quaedam in hoc facultas sit ingeni, neque haec dicendi ratio aut disciplina, ne nos quidem huic uni studio penitus umquam dediti fuimus. Etenim omnes artes, quae ad humanitatem pertinent, habent quoddam commune vinculum, et quasi cognatione quadam inter se continentur.', '2019-09-12 13:06:05', 8, 9, 'ok'),
(33, 'Magnentianae ', 'libentius utatur quam intractato ', 'theatralis ludos atque circenses ambitioso editos apparatu diem sextum idus Octobres, qui imperii eius annum tricensimum terminabat, insolentiae pondera gravius librans, siquid dubium deferebatur aut falsum, pro liquido accipiens et conperto, inter alia excarnificatum Gerontium Magnentianae comitem partis exulari maerore multavit.\n\nNovitates autem si spem adferunt, ut tamquam in herbis non fallacibus fructus appareat, non sunt illae quidem repudiandae, vetustas tamen suo loco conservanda; maxima est enim vis vetustatis et consuetudinis. Quin in ipso equo, cuius modo feci mentionem, si nulla res impediat, nemo est, quin eo, quo consuevit, libentius utatur quam intractato et novo. Nec vero in hoc quod est animal, sed in iis etiam quae sunt inanima, consuetudo valet, cum locis ipsis delectemur, montuosis etiam et silvestribus, in quibus diutius commorati sumus.', '2019-09-12 14:20:07', 8, 7, 'ok'),
(34, 'atrociniis occultis ', 'mperio ad voluntatem convers', 'Post hoc impie perpetratum quod in aliis quoque iam timebatur, tamquam licentia crudelitati indulta per suspicionum nebulas aestimati quidam noxii damnabantur. quorum pars necati, alii puniti bonorum multatione actique laribus suis extorres nullo sibi relicto praeter querelas et lacrimas, stipe conlaticia victitabant, et civili iustoque imperio ad voluntatem converso cruentam, claudebantur opulentae domus et clarae.', '2019-09-13 08:20:58', 8, 7, 'ok'),
(35, 'erigentes', 'in nostro, ut ita dicam', 'Test Sed maximum est in amicitia parem esse inferiori. Saepe enim excellentiae quaedam sunt, qualis erat Scipionis in nostro, ut ita dicam, grege. Numquam se ille Philo, numquam Rupilio, numquam Mummio anteposuit, numquam inferioris ordinis amicis, Q. vero Maximum fratrem, egregium virum omnino, sibi nequaquam parem, quod is anteibat aetate, tamquam superiorem colebat suosque omnes per se posse esse ampliores volebat.', '2019-09-13 08:29:41', 8, 9, 'ok'),
(36, 'pacari saepeque', 'his malorum quaerebatur', 'Quam ob rem cave Catoni anteponas ne istum quidem ipsum, quem Apollo, ut ais, sapientissimum iudicavit; huius enim facta, illius dicta laudantur. De me autem, ut iam cum utroque vestrum loquar, sic habetote.\n\nNec sane haec sola pernicies orientem diversis cladibus adfligebat. Namque et Isauri, quibus est usitatum saepe pacari saepeque inopinis excursibus cuncta miscere, ex latrociniis occultis et raris, alente inpunitate adulescentem in peius audaciam ad bella gravia proruperunt, diu quidem perduelles spiritus inrequietis motibus erigentes, hac tamen indignitate perciti vehementer, ut iactitabant, quod eorum capiti quidam consortes apud Iconium Pisidiae oppidum in amphitheatrali spectaculo feris praedatricibus obiecti sunt praeter morem.', '2019-09-13 08:37:03', 8, 9, 'ok'),
(37, ' moenia bellatores', 'multitudine missilium sterneretur et', 'Mensarum enim voragines et varias voluptatum inlecebras, ne longius progrediar, praetermitto illuc transiturus quod quidam per ampla spatia urbis subversasque silices sine periculi metu properantes equos velut publicos signatis quod dicitur calceis agitant, familiarium agmina tamquam praedatorios globos post terga trahentes ne Sannione quidem, ut ait comicus, domi relicto. quos imitatae matronae complures opertis capitibus et basternis per latera civitatis cuncta discurrunt.\n\nHaec subinde Constantius audiens et quaedam referente Thalassio doctus, quem eum odisse iam conpererat lege communi, scribens ad Caesarem blandius adiumenta paulatim illi subtraxit, sollicitari se simulans ne, uti est militare otium fere tumultuosum, in eius perniciem conspiraret, solisque scholis iussit esse contentum palatinis et protectorum cum Scutariis et Gentilibus, et mandabat Domitiano, ex comite largitionum, praefecto ut cum in Syriam venerit, Gallum, quem crebro acciverat, ad Italiam properare blande hortaretur et verecunde.', '2019-09-13 08:43:00', 8, 9, 'ok'),
(38, 'proripuisset', 'haec civitas ', 'Nam quibusdam, quos audio sapientes habitos in Graecia, placuisse opinor mirabilia quaedam (sed nihil est quod illi non persequantur argutiis): partim fugiendas esse nimias amicitias, ne necesse sit unum sollicitum esse pro pluribus; satis superque esse sibi suarum cuique rerum, alienis nimis implicari molestum esse; commodissimum esse quam laxissimas habenas habere amicitiae, quas vel adducas, cum velis, vel remittas; caput enim esse ad beate vivendum securitatem, qua frui non possit animus, si tamquam parturiat unus pro pluribus.\n\nMensarum enim voragines et varias voluptatum inlecebras, ne longius progrediar, praetermitto illuc transiturus quod quidam per ampla spatia urbis subversasque silices sine periculi metu properantes equos velut publicos signatis quod dicitur calceis agitant, familiarium agmina tamquam praedatorios globos post terga trahentes ne Sannione quidem, ut ait comicus, domi relicto. quos imitatae matronae complures opertis capitibus et basternis per latera civitatis cuncta discurrunt.', '2019-09-13 09:16:34', 8, 9, 'ok'),
(39, 'Thalassio doctus', ' in eius perniciem conspiraret', 'Nam quibusdam, quos audio sapientes habitos in Graecia, placuisse opinor mirabilia quaedam (sed nihil est quod illi non persequantur argutiis): partim fugiendas esse nimias amicitias, ne necesse sit unum sollicitum esse pro pluribus; satis superque esse sibi suarum cuique rerum, alienis nimis implicari molestum esse; commodissimum esse quam laxissimas habenas habere amicitiae, quas vel adducas, cum velis, vel remittas; caput enim esse ad beate vivendum securitatem, qua frui non possit animus, si tamquam parturiat unus pro pluribus.\n\nMensarum enim voragines et varias voluptatum inlecebras, ne longius progrediar, praetermitto illuc transiturus quod quidam per ampla spatia urbis subversasque silices sine periculi metu properantes equos velut publicos signatis quod dicitur calceis agitant, familiarium agmina tamquam praedatorios globos post terga trahentes ne Sannione quidem, ut ait comicus, domi relicto. quos imitatae matronae complures opertis capitibus et basternis per latera civitatis cuncta discurrunt.', '2019-09-13 09:21:34', 8, 10, 'ok'),
(40, 'Pate à crèpes', 'inratable ', 'mettre tout les ingrédients dans un mixeur et mixer !', '2019-09-16 14:03:18', 8, 5, 'ok'),
(41, 'Les choux aux oeufs', 'Ne pas pensez à la digestion', 'Mélangez les oeufs et les choux, buvez le vin blanc', '2019-09-17 14:55:42', 8, 5, 'ok'),
(42, 'protectorum cum', 'Quis est qui C. Fabrici, M', 'Lorem ipsum dolor sit amet, consectetur adipiscing elit. Sed non risus. Suspendisse lectus tortor, dignissim sit amet, adipiscing nec, ultricies sed, dolor. Cras elementum ultrices diam. Maecenas ligula massa, varius a, semper congue, euismod non, mi. Proin porttitor, orci nec nonummy molestie, enim est eleifend mi, non fermentum diam nisl sit amet erat. Duis semper. Duis arcu massa, scelerisque vitae, consequat in, pretium a, enim. Pellentesque congue. Ut in risus volutpat libero pharetra tempor. Cras vestibulum bibendum augue. Praesent egestas leo in pede. Praesent blandit odio eu enim. Pellentesque sed dui ut augue blandit sodales. Vestibulum ante ipsum primis in faucibus orci luctus et ultrices posuere cubilia Curae; Aliquam nibh. Mauris ac mauris sed pede pellentesque fermentum. Maecenas adipiscing ante non diam sodales hendrerit.\n\nUt velit mauris, egestas sed, gravida nec, ornare ut, mi. Aenean ut orci vel massa suscipit pulvinar. Nulla sollicitudin. Fusce varius, ligula non tempus aliquam, nunc turpis ullamcorper nibh, in tempus sapien eros vitae ligula. Pellentesque rhoncus nunc et augue. Integer id felis. Curabitur aliquet pellentesque diam. Integer quis metus vitae elit lobortis egestas. Lorem ipsum dolor sit amet, consectetuer adipiscing elit. Morbi vel erat non mauris convallis vehicula. Nulla et sapien. Integer tortor tellus, aliquam faucibus, convallis id, congue eu, quam. Mauris ullamcorper felis vitae erat. Proin feugiat, augue non elementum posuere, metus purus iaculis lectus, et tristique ligula justo vitae magna.\nAliquam convallis sollicitudin purus. Praesent aliquam, enim at fermentum mollis, ligula massa adipiscing nisl, ac euismod nibh nisl eu lectus. Fusce vulputate sem at sapien. Vivamus leo. Aliquam euismod libero eu enim. Nulla nec felis sed leo placerat imperdiet. Aenean suscipit nulla in justo. Suspendisse cursus rutrum augue. Nulla tincidunt tincidunt mi. Curabitur iaculis, lorem vel rhoncus faucibus, felis magna fermentum augue, et ultricies lacus lorem varius purus. Curabitur eu amet.', '2019-09-17 15:44:18', 8, 10, 'ok'),
(44, 'La salade d\'en d\'Yves 1.2', 'Beaucoup de sel pour une nouvelle vie', 'Lorem ipsum dolor sit amet, consectetur adipiscing elit. Sed non risus. Suspendisse lectus tortor, dignissim sit amet, adipiscing nec, ultricies sed, dolor. Cras elementum ultrices diam. Maecenas ligula massa, varius a, semper congue, euismod non, mi. Proin porttitor, orci nec nonummy molestie, enim est eleifend mi, non fermentum diam nisl sit amet erat. Duis semper. Duis arcu massa, scelerisque vitae, consequat in, pretium a, enim. Pellentesque congue. Ut in risus volutpat libero pharetra tempor. Cras vestibulum bibendum augue. Praesent egestas leo in pede. Praesent blandit odio eu enim. Pellentesque sed dui ut augue blandit sodales. Vestibulum ante ipsum primis in faucibus orci luctus et ultrices posuere cubilia Curae; Aliquam nibh. Mauris ac mauris sed pede pellentesque fermentum. Maecenas adipiscing ante non diam sodales hendrerit.\n\nUt velit mauris, egestas sed, gravida nec, ornare ut, mi. Aenean ut orci vel massa suscipit pulvinar. Nulla sollicitudin. Fusce varius, ligula non tempus aliquam, nunc turpis ullamcorper nibh, in tempus sapien eros vitae ligula. Pellentesque rhoncus nunc et augue. Integer id felis. Curabitur aliquet pellentesque diam. Integer quis metus vitae elit lobortis egestas. Lorem ipsum dolor sit amet, consectetuer adipiscing elit. Morbi vel erat non mauris convallis vehicula. Nulla et sapien. Integer tortor tellus, aliquam faucibus, convallis id, congue eu, quam. Mauris ullamcorper felis vitae erat. Proin feugiat, augue non elementum posuere, metus purus iaculis lectus, et tristique ligula justo vitae magna.\nAliquam convallis sollicitudin purus. Praesent aliquam, enim at fermentum mollis, ligula massa adipiscing nisl, ac euismod nibh nisl eu lectus. Fusce vulputate sem at sapien. Vivamus leo. Aliquam euismod libero eu enim. Nulla nec felis sed leo placerat imperdiet. Aenean suscipit nulla in justo. Suspendisse cursus rutrum augue. Nulla tincidunt tincidunt mi. Curabitur iaculis, lorem vel rhoncus faucibus, felis magna fermentum augue, et ultricies lacus lorem varius purus. Curabitur eu amet.\nLorem ipsum dolor sit amet, consectetur adipiscing elit. Sed non risus. Suspendisse lectus tortor, dignissim sit amet, adipiscing nec, ultricies sed, dolor. Cras elementum ultrices diam. Maecenas ligula massa, varius a, semper congue, euismod non, mi. Proin porttitor, orci nec nonummy molestie, enim est eleifend mi, non fermentum diam nisl sit amet erat. Duis semper. Duis arcu massa, scelerisque vitae, consequat in, pretium a, enim. Pellentesque congue. Ut in risus volutpat libero pharetra tempor. Cras vestibulum bibendum augue. Praesent egestas leo in pede. Praesent blandit odio eu enim. Pellentesque sed dui ut augue blandit sodales. Vestibulum ante ipsum primis in faucibus orci luctus et ultrices posuere cubilia Curae; Aliquam nibh. Mauris ac mauris sed pede pellentesque fermentum. Maecenas adipiscing ante non diam sodales hendrerit.\n\nUt velit mauris, egestas sed, gravida nec, ornare ut, mi. Aenean ut orci vel massa suscipit pulvinar. Nulla sollicitudin. Fusce varius, ligula non tempus aliquam, nunc turpis ullamcorper nibh, in tempus sapien eros vitae ligula. Pellentesque rhoncus nunc et augue. Integer id felis. Curabitur aliquet pellentesque diam. Integer quis metus vitae elit lobortis egestas. Lorem ipsum dolor sit amet, consectetuer adipiscing elit. Morbi vel erat non mauris convallis vehicula. Nulla et sapien. Integer tortor tellus, aliquam faucibus, convallis id, congue eu, quam. Mauris ullamcorper felis vitae erat. Proin feugiat, augue non elementum posuere, metus purus iaculis lectus, et tristique ligula justo vitae magna.\nAliquam convallis sollicitudin purus. Praesent aliquam, enim at fermentum mollis, ligula massa adipiscing nisl, ac euismod nibh nisl eu lectus. Fusce vulputate sem at sapien. Vivamus leo. Aliquam euismod libero eu enim. Nulla nec felis sed leo placerat imperdiet. Aenean suscipit nulla in justo. Suspendisse cursus rutrum augue. Nulla tincidunt tincidunt mi. Curabitur iaculis, lorem vel rhoncus faucibus, felis magna fermentum augue, et ultricies lacus lorem varius purus. Curabitur eu amet.\nLorem ipsum dolor sit amet, consectetur adipiscing elit. Sed non risus. Suspendisse lectus tortor, dignissim sit amet, adipiscing nec, ultricies sed, dolor. Cras elementum ultrices diam. Maecenas ligula massa, varius a, semper congue, euismod non, mi. Proin porttitor, orci nec nonummy molestie, enim est eleifend mi, non fermentum diam nisl sit amet erat. Duis semper. Duis arcu massa, scelerisque vitae, consequat in, pretium a, enim. Pellentesque congue. Ut in risus volutpat libero pharetra tempor. Cras vestibulum bibendum augue. Praesent egestas leo in pede. Praesent blandit odio eu enim. Pellentesque sed dui ut augue blandit sodales. Vestibulum ante ipsum primis in faucibus orci luctus et ultrices posuere cubilia Curae; Aliquam nibh. Mauris ac mauris sed pede pellentesque fermentum. Maecenas adipiscing ante non diam sodales hendrerit.\n\nUt velit mauris, egestas sed, gravida nec, ornare ut, mi. Aenean ut orci vel massa suscipit pulvinar. Nulla sollicitudin. Fusce varius, ligula non tempus aliquam, nunc turpis ullamcorper nibh, in tempus sapien eros vitae ligula. Pellentesque rhoncus nunc et augue. Integer id felis. Curabitur aliquet pellentesque diam. Integer quis metus vitae elit lobortis egestas. Lorem ipsum dolor sit amet, consectetuer adipiscing elit. Morbi vel erat non mauris convallis vehicula. Nulla et sapien. Integer tortor tellus, aliquam faucibus, convallis id, congue eu, quam. Mauris ullamcorper felis vitae erat. Proin feugiat, augue non elementum posuere, metus purus iaculis lectus, et tristique ligula justo vitae magna.\nAliquam convallis sollicitudin purus. Praesent aliquam, enim at fermentum mollis, ligula massa adipiscing nisl, ac euismod nibh nisl eu lectus. Fusce vulputate sem at sapien. Vivamus leo. Aliquam euismod libero eu enim. Nulla nec felis sed leo placerat imperdiet. Aenean suscipit nulla in justo. Suspendisse cursus rutrum augue. Nulla tincidunt tincidunt mi. Curabitur iaculis, lorem vel rhoncus faucibus, felis magna fermentum augue, et ultricies lacus lorem varius purus. Curabitur eu amet.\nLorem ipsum dolor sit amet, consectetur adipiscing elit. Sed non risus. Suspendisse lectus tortor, dignissim sit amet, adipiscing nec, ultricies sed, dolor. Cras elementum ultrices diam. Maecenas ligula massa, varius a, semper congue, euismod non, mi. Proin porttitor, orci nec nonummy molestie, enim est eleifend mi, non fermentum diam nisl sit amet erat. Duis semper. Duis arcu massa, scelerisque vitae, consequat in, pretium a, enim. Pellentesque congue. Ut in risus volutpat libero pharetra tempor. Cras vestibulum bibendum augue. Praesent egestas leo in pede. Praesent blandit odio eu enim. Pellentesque sed dui ut augue blandit sodales. Vestibulum ante ipsum primis in faucibus orci luctus et ultrices posuere cubilia Curae; Aliquam nibh. Mauris ac mauris sed pede pellentesque fermentum. Maecenas adipiscing ante non diam sodales hendrerit.\n\nUt velit mauris, egestas sed, gravida nec, ornare ut, mi. Aenean ut orci vel massa suscipit pulvinar. Nulla sollicitudin. Fusce varius, ligula non tempus aliquam, nunc turpis ullamcorper nibh, in tempus sapien eros vitae ligula. Pellentesque rhoncus nunc et augue. Integer id felis. Curabitur aliquet pellentesque diam. Integer quis metus vitae elit lobortis egestas. Lorem ipsum dolor sit amet, consectetuer adipiscing elit. Morbi vel erat non mauris convallis vehicula. Nulla et sapien. Integer tortor tellus, aliquam faucibus, convallis id, congue eu, quam. Mauris ullamcorper felis vitae erat. Proin feugiat, augue non elementum posuere, metus purus iaculis lectus, et tristique ligula justo vitae magna.\nAliquam convallis sollicitudin purus. Praesent aliquam, enim at fermentum mollis, ligula massa adipiscing nisl, ac euismod nibh nisl eu lectus. Fusce vulputate sem at sapien. Vivamus leo. Aliquam euismod libero eu enim. Nulla nec felis sed leo placerat imperdiet. Aenean suscipit nulla in justo. Suspendisse cursus rutrum augue. Nulla tincidunt tincidunt mi. Curabitur iaculis, lorem vel rhoncus faucibus, felis magna fermentum augue, et ultricies lacus lorem varius purus. Curabitur eu amet.\nLorem ipsum dolor sit amet, consectetur adipiscing elit. Sed non risus. Suspendisse lectus tortor, dignissim sit amet, adipiscing nec, ultricies sed, dolor. Cras elementum ultrices diam. Maecenas ligula massa, varius a, semper congue, euismod non, mi. Proin porttitor, orci nec nonummy molestie, enim est eleifend mi, non fermentum diam nisl sit amet erat. Duis semper. Duis arcu massa, scelerisque vitae, consequat in, pretium a, enim. Pellentesque congue. Ut in risus volutpat libero pharetra tempor. Cras vestibulum bibendum augue. Praesent egestas leo in pede. Praesent blandit odio eu enim. Pellentesque sed dui ut augue blandit sodales. Vestibulum ante ipsum primis in faucibus orci luctus et ultrices posuere cubilia Curae; Aliquam nibh. Mauris ac mauris sed pede pellentesque fermentum. Maecenas adipiscing ante non diam sodales hendrerit.\n\nUt velit mauris, egestas sed, gravida nec, ornare ut, mi. Aenean ut orci vel massa suscipit pulvinar. Nulla sollicitudin. Fusce varius, ligula non tempus aliquam, nunc turpis ullamcorper nibh, in tempus sapien eros vitae ligula. Pellentesque rhoncus nunc et augue. Integer id felis. Curabitur aliquet pellentesque diam. Integer quis metus vitae elit lobortis egestas. Lorem ipsum dolor sit amet, consectetuer adipiscing elit. Morbi vel erat non mauris convallis vehicula. Nulla et sapien. Integer tortor tellus, aliquam faucibus, convallis id, congue eu, quam. Mauris ullamcorper felis vitae erat. Proin feugiat, augue non elementum posuere, metus purus iaculis lectus, et tristique ligula justo vitae magna.\nAliquam convallis sollicitudin purus. Praesent aliquam, enim at fermentum mollis, ligula massa adipiscing nisl, ac euismod nibh nisl eu lectus. Fusce vulputate sem at sapien. Vivamus leo. Aliquam euismod libero eu enim. Nulla nec felis sed leo placerat imperdiet. Aenean suscipit nulla in justo. Suspendisse cursus rutrum augue. Nulla tincidunt tincidunt mi. Curabitur iaculis, lorem vel rhoncus faucibus, felis magna fermentum augue, et ultricies lacus lorem varius purus. Curabitur eu amet.\n\nLorem ipsum dolor sit amet, consectetur adipiscing elit. Sed non risus. Suspendisse lectus tortor, dignissim sit amet, adipiscing nec, ultricies sed, dolor. Cras elementum ultrices diam. Maecenas ligula massa, varius a, semper congue, euismod non, mi. Proin porttitor, orci nec nonummy molestie, enim est eleifend mi, non fermentum diam nisl sit amet erat. Duis semper. Duis arcu massa, scelerisque vitae, consequat in, pretium a, enim. Pellentesque congue. Ut in risus volutpat libero pharetra tempor. Cras vestibulum bibendum augue. Praesent egestas leo in pede. Praesent blandit odio eu enim. Pellentesque sed dui ut augue blandit sodales. Vestibulum ante ipsum primis in faucibus orci luctus et ultrices posuere cubilia Curae; Aliquam nibh. Mauris ac mauris sed pede pellentesque fermentum. Maecenas adipiscing ante non diam sodales hendrerit.\n\nUt velit mauris, egestas sed, gravida nec, ornare ut, mi. Aenean ut orci vel massa suscipit pulvinar. Nulla sollicitudin. Fusce varius, ligula non tempus aliquam, nunc turpis ullamcorper nibh, in tempus sapien eros vitae ligula. Pellentesque rhoncus nunc et augue. Integer id felis. Curabitur aliquet pellentesque diam. Integer quis metus vitae elit lobortis egestas. Lorem ipsum dolor sit amet, consectetuer adipiscing elit. Morbi vel erat non mauris convallis vehicula. Nulla et sapien. Integer tortor tellus, aliquam faucibus, convallis id, congue eu, quam. Mauris ullamcorper felis vitae erat. Proin feugiat, augue non elementum posuere, metus purus iaculis lectus, et tristique ligula justo vitae magna.\nAliquam convallis sollicitudin purus. Praesent aliquam, enim at fermentum mollis, ligula massa adipiscing nisl, ac euismod nibh nisl eu lectus. Fusce vulputate sem at sapien. Vivamus leo. Aliquam euismod libero eu enim. Nulla nec felis sed leo placerat imperdiet. Aenean suscipit nulla in justo. Suspendisse cursus rutrum augue. Nulla tincidunt tincidunt mi. Curabitur iaculis, lorem vel rhoncus faucibus, felis magna fermentum augue, et ultricies lacus lorem varius purus. Curabitur eu amet.', '2019-09-23 09:05:56', 8, 2, 'ok'),
(45, 'Domitiano', 'se proripuisset interius', 'Lorem ipsum dolor 4 aussi sit amet, consectetur adipiscing elit. Sed non risus. Suspendisse lectus tortor, dignissim sit amet, adipiscing nec, ultricies sed, dolor. Cras elementum ultrices diam. Maecenas ligula massa, varius a, semper congue, euismod non, mi. Proin porttitor, orci nec nonummy molestie, enim est eleifend mi, non fermentum diam nisl sit amet erat. Duis semper. Duis arcu massa, scelerisque vitae, consequat in, pretium a, enim. Pellentesque congue. Ut in risus volutpat libero pharetra tempor. Cras vestibulum bibendum augue. Praesent egestas leo in pede. Praesent blandit odio eu enim. Pellentesque sed dui ut augue blandit sodales. Vestibulum ante ipsum primis in faucibus orci luctus et ultrices posuere cubilia Curae; Aliquam nibh. Mauris ac mauris sed pede pellentesque fermentum. Maecenas adipiscing ante non diam sodales hendrerit.\n\nUt velit mauris, egestas sed, gravida nec, ornare ut, mi. Aenean ut orci vel massa suscipit pulvinar. Nulla sollicitudin. Fusce varius, ligula non tempus aliquam, nunc turpis ullamcorper nibh, in tempus sapien eros vitae ligula. Pellentesque rhoncus nunc et augue. Integer id felis. Curabitur aliquet pellentesque diam. Integer quis metus vitae elit lobortis egestas. Lorem ipsum dolor sit amet, consectetuer adipiscing elit. Morbi vel erat non mauris convallis vehicula. Nulla et sapien. Integer tortor tellus, aliquam faucibus, convallis id, congue eu, quam. Mauris ullamcorper felis vitae erat. Proin feugiat, augue non elementum posuere, metus purus iaculis lectus, et tristique ligula justo vitae magna. ', '2019-09-24 15:35:45', 8, 9, 'ok'),
(47, 'interdum', 'Itaque tum Scaevola cum in eam ipsam mentionem ', 'Hoc inmaturo interitu ipse quoque sui pertaesus excessit e vita aetatis nono anno atque vicensimo cum quadriennio imperasset. natus apud Tuscos in Massa Veternensi, patre Constantio Constantini fratre imperatoris, matreque Galla sorore Rufini et Cerealis, quos trabeae consulares nobilitarunt et praefecturae.\n\nQuam quidem partem accusationis admiratus sum et moleste tuli potissimum esse Atratino datam. Neque enim decebat neque aetas illa postulabat neque, id quod animadvertere poteratis, pudor patiebatur optimi adulescentis in tali illum oratione versari. Vellem aliquis ex vobis robustioribus hunc male dicendi locum suscepisset; aliquanto liberius et fortius et magis more nostro refutaremus istam male dicendi licentiam. Tecum, Atratine, agam lenius, quod et pudor tuus moderatur orationi meae et meum erga te parentemque tuum beneficium tueri debeo.\n\nEt interdum acciderat, ut siquid in penetrali secreto nullo citerioris vitae ministro praesente paterfamilias uxori susurrasset in aurem, velut Amphiarao referente aut Marcio, quondam vatibus inclitis, postridie disceret imperator. ideoque etiam parietes arcanorum soli conscii timebantur.\n\nItaque tum Scaevola cum in eam ipsam mentionem incidisset, exposuit nobis sermonem Laeli de amicitia habitum ab illo secum et cum altero genero, C. Fannio Marci filio, paucis diebus post mortem Africani. Eius disputationis sententias memoriae mandavi, quas hoc libro exposui arbitratu meo; quasi enim ipsos induxi loquentes, ne \'inquam\' et \'inquit\' saepius interponeretur, atque ut tamquam a praesentibus coram haberi sermo videretur.\n\nPaphius quin etiam et Cornelius senatores, ambo venenorum artibus pravis se polluisse confessi, eodem pronuntiante Maximino sunt interfecti. pari sorte etiam procurator monetae extinctus est. Sericum enim et Asbolium supra dictos, quoniam cum hortaretur passim nominare, quos vellent, adiecta religione firmarat, nullum igni vel ferro se puniri iussurum, plumbi validis ictibus interemit. et post hoe flammis Campensem aruspicem dedit, in negotio eius nullo sacramento constrictus.', '2019-10-01 08:27:31', 8, 1, 'ok'),
(48, 'Haec igitur lex', 'Verum ad istam omnem orationem brevi', 'Haec et huius modi quaedam innumerabilia ultrix facinorum impiorum bonorumque praemiatrix aliquotiens operatur Adrastia atque utinam semper quam vocabulo duplici etiam Nemesim appellamus: ius quoddam sublime numinis efficacis, humanarum mentium opinione lunari circulo superpositum, vel ut definiunt alii, substantialis tutela generali potentia partilibus praesidens fatis, quam theologi veteres fingentes Iustitiae filiam ex abdita quadam aeternitate tradunt omnia despectare terrena.\n\nHaec igitur lex in amicitia sanciatur, ut neque rogemus res turpes nec faciamus rogati. Turpis enim excusatio est et minime accipienda cum in ceteris peccatis, tum si quis contra rem publicam se amici causa fecisse fateatur. Etenim eo loco, Fanni et Scaevola, locati sumus ut nos longe prospicere oporteat futuros casus rei publicae. Deflexit iam aliquantum de spatio curriculoque consuetudo maiorum.\n\nDumque ibi diu moratur commeatus opperiens, quorum translationem ex Aquitania verni imbres solito crebriores prohibebant auctique torrentes, Herculanus advenit protector domesticus, Hermogenis ex magistro equitum filius, apud Constantinopolim, ut supra rettulimus, populari quondam turbela discerpti. quo verissime referente quae Gallus egerat, damnis super praeteritis maerens et futurorum timore suspensus angorem animi quam diu potuit emendabat.\n\nVerum ad istam omnem orationem brevis est defensio. Nam quoad aetas M. Caeli dare potuit isti suspicioni locum, fuit primum ipsius pudore, deinde etiam patris diligentia disciplinaque munita. Qui ut huic virilem togam deditšnihil dicam hoc loco de me; tantum sit, quantum vos existimatis; hoc dicam, hunc a patre continuo ad me esse deductum; nemo hunc M. Caelium in illo aetatis flore vidit nisi aut cum patre aut mecum aut in M. Crassi castissima domo, cum artibus honestissimis erudiretur.\n\nApud has gentes, quarum exordiens initium ab Assyriis ad Nili cataractas porrigitur et confinia Blemmyarum, omnes pari sorte sunt bellatores seminudi coloratis sagulis pube tenus amicti, equorum adiumento pernicium graciliumque camelorum per diversa se raptantes, in tranquillis vel turbidis rebus: nec eorum quisquam aliquando stivam adprehendit vel arborem colit aut arva subigendo quaeritat victum, sed errant semper per spatia longe lateque distenta sine lare sine sedibus fixis aut legibus: nec idem perferunt diutius caelum aut tractus unius soli illis umquam placet.', '2019-10-01 08:34:13', 8, 9, 'ok'),
(49, 'His cognitis Gallus', 'Quae dum ita struuntur, indicatum', 'Ultima Syriarum est Palaestina per intervalla magna protenta, cultis abundans terris et nitidis et civitates habens quasdam egregias, nullam nulli cedentem sed sibi vicissim velut ad perpendiculum aemulas: Caesaream, quam ad honorem Octaviani principis exaedificavit Herodes, et Eleutheropolim et Neapolim itidemque Ascalonem Gazam aevo superiore exstructas.\n\nIncenderat autem audaces usque ad insaniam homines ad haec, quae nefariis egere conatibus, Luscus quidam curator urbis subito visus: eosque ut heiulans baiolorum praecentor ad expediendum quod orsi sunt incitans vocibus crebris. qui haut longe postea ideo vivus exustus est.\n\nNec minus feminae quoque calamitatum participes fuere similium. nam ex hoc quoque sexu peremptae sunt originis altae conplures, adulteriorum flagitiis obnoxiae vel stuprorum. inter quas notiores fuere Claritas et Flaviana, quarum altera cum duceretur ad mortem, indumento, quo vestita erat, abrepto, ne velemen quidem secreto membrorum sufficiens retinere permissa est. ideoque carnifex nefas admisisse convictus inmane, vivus exustus est.\n\nHis cognitis Gallus ut serpens adpetitus telo vel saxo iamque spes extremas opperiens et succurrens saluti suae quavis ratione colligi omnes iussit armatos et cum starent attoniti, districta dentium acie stridens adeste inquit viri fortes mihi periclitanti vobiscum.\n\nQuae dum ita struuntur, indicatum est apud Tyrum indumentum regale textum occulte, incertum quo locante vel cuius usibus apparatum. ideoque rector provinciae tunc pater Apollinaris eiusdem nominis ut conscius ductus est aliique congregati sunt ex diversis civitatibus multi, qui atrocium criminum ponderibus urgebantur.', '2019-10-01 08:35:23', 8, 1, 'ok');
INSERT INTO `recipe` (`id`, `title`, `description`, `recipe`, `created_at`, `user_id`, `category_id`, `checked`) VALUES
(50, 'Sin autem ad adulescent', 'Illud tamen te esse admonitum volo', 'Altera sententia est, quae definit amicitiam paribus officiis ac voluntatibus. Hoc quidem est nimis exigue et exiliter ad calculos vocare amicitiam, ut par sit ratio acceptorum et datorum. Divitior mihi et affluentior videtur esse vera amicitia nec observare restricte, ne plus reddat quam acceperit; neque enim verendum est, ne quid excidat, aut ne quid in terram defluat, aut ne plus aequo quid in amicitiam congeratur.\n\nTempore quo primis auspiciis in mundanum fulgorem surgeret victura dum erunt homines Roma, ut augeretur sublimibus incrementis, foedere pacis aeternae Virtus convenit atque Fortuna plerumque dissidentes, quarum si altera defuisset, ad perfectam non venerat summitatem.\n\nAccedat huc suavitas quaedam oportet sermonum atque morum, haudquaquam mediocre condimentum amicitiae. Tristitia autem et in omni re severitas habet illa quidem gravitatem, sed amicitia remissior esse debet et liberior et dulcior et ad omnem comitatem facilitatemque proclivior.\n\nSin autem ad adulescentiam perduxissent, dirimi tamen interdum contentione vel uxoriae condicionis vel commodi alicuius, quod idem adipisci uterque non posset. Quod si qui longius in amicitia provecti essent, tamen saepe labefactari, si in honoris contentionem incidissent; pestem enim nullam maiorem esse amicitiis quam in plerisque pecuniae cupiditatem, in optimis quibusque honoris certamen et gloriae; ex quo inimicitias maximas saepe inter amicissimos exstitisse.\n\nIllud tamen te esse admonitum volo, primum ut qualis es talem te esse omnes existiment ut, quantum a rerum turpitudine abes, tantum te a verborum libertate seiungas; deinde ut ea in alterum ne dicas, quae cum tibi falso responsa sint, erubescas. Quis est enim, cui via ista non pateat, qui isti aetati atque etiam isti dignitati non possit quam velit petulanter, etiamsi sine ulla suspicione, at non sine argumento male dicere? Sed istarum partium culpa est eorum, qui te agere voluerunt; laus pudoris tui, quod ea te invitum dicere videbamus, ingenii, quod ornate politeque dixisti.', '2019-10-01 08:36:43', 8, 1, 'ok'),
(51, 'Hand me that little thing', 'Hand me that little thing, bin 1.2. ', 'Et quia Mesopotamiae tractus omnes crebro inquietari sueti praetenturis et stationibus servabantur agrariis, laevorsum flexo itinere Osdroenae subsederat extimas partes, novum parumque aliquando temptatum commentum adgressus. quod si impetrasset, fulminis modo cuncta vastarat. erat autem quod cogitabat huius modi.\n\nHuic Arabia est conserta, ex alio latere Nabataeis contigua; opima varietate conmerciorum castrisque oppleta validis et castellis, quae ad repellendos gentium vicinarum excursus sollicitudo pervigil veterum per oportunos saltus erexit et cautos. haec quoque civitates habet inter oppida quaedam ingentes Bostram et Gerasam atque Philadelphiam murorum firmitate cautissimas. hanc provinciae inposito nomine rectoreque adtributo obtemperare legibus nostris Traianus conpulit imperator incolarum tumore saepe contunso cum glorioso marte Mediam urgeret et Parthos.\n\nSaraceni tamen nec amici nobis umquam nec hostes optandi, ultro citroque discursantes quicquid inveniri poterat momento temporis parvi vastabant milvorum rapacium similes, qui si praedam dispexerint celsius, volatu rapiunt celeri, aut nisi impetraverint, non inmorantur.\n\nNunc vero inanes flatus quorundam vile esse quicquid extra urbis pomerium nascitur aestimant praeter orbos et caelibes, nec credi potest qua obsequiorum diversitate coluntur homines sine liberis Romae.\n\nErgo ego senator inimicus, si ita vultis, homini, amicus esse, sicut semper fui, rei publicae debeo. Quid? si ipsas inimicitias, depono rei publicae causa, quis me tandem iure reprehendet, praesertim cum ego omnium meorum consiliorum atque factorum exempla semper ex summorum hominum consiliis atque factis mihi censuerim petenda.', '2019-10-01 08:55:05', 8, 1, 'ok'),
(52, 'Le paté Coluche', 'Le paté qui fait rire aux éclats', 'Lorem ipsum dolor sit amet, consectetur adipiscing elit. Sed non risus. Suspendisse lectus tortor, dignissim sit amet, adipiscing nec, ultricies sed, dolor. Cras elementum ultrices diam. Maecenas ligula massa, varius a, semper congue, euismod non, mi. Proin porttitor, orci nec nonummy molestie, enim est eleifend mi, non fermentum diam nisl sit amet erat. Duis semper. Duis arcu massa, scelerisque vitae, consequat in, pretium a, enim. Pellentesque congue. Ut in risus volutpat libero pharetra tempor. Cras vestibulum bibendum augue. Praesent egestas leo in pede. Praesent blandit odio eu enim. Pellentesque sed dui ut augue blandit sodales. Vestibulum ante ipsum primis in faucibus orci luctus et ultrices posuere cubilia Curae; Aliquam nibh. Mauris ac mauris sed pede pellentesque fermentum. Maecenas adipiscing ante non diam sodales hendrerit.\n\nUt velit mauris, egestas sed, gravida nec, ornare ut, mi. Aenean ut orci vel massa suscipit pulvinar. Nulla sollicitudin. Fusce varius, ligula non tempus aliquam, nunc turpis ullamcorper nibh, in tempus sapien eros vitae ligula. Pellentesque rhoncus nunc et augue. Integer id felis. Curabitur aliquet pellentesque diam. Integer quis metus vitae elit lobortis egestas. Lorem ipsum dolor sit amet, consectetuer adipiscing elit. Morbi vel erat non mauris convallis vehicula. Nulla et sapien. Integer tortor tellus, aliquam faucibus, convallis id, congue eu, quam. Mauris ullamcorper felis vitae erat. Proin feugiat, augue non elementum posuere, metus purus iaculis lectus, et tristique ligula justo vitae magna.\nAliquam convallis sollicitudin purus. Praesent aliquam, enim at fermentum mollis, ligula massa adipiscing nisl, ac euismod nibh nisl eu lectus. Fusce vulputate sem at sapien. Vivamus leo. Aliquam euismod libero eu enim. Nulla nec felis sed leo placerat imperdiet. Aenean suscipit nulla in justo. Suspendisse cursus rutrum augue. Nulla tincidunt tincidunt mi. Curabitur iaculis, lorem vel rhoncus faucibus, felis magna fermentum augue, et ultricies lacus lorem varius purus. Curabitur eu amet.', '2019-10-21 14:24:51', 8, 2, 'ok'),
(53, 'Le paté d\'André 3.0', 'Meilleur périmé !', 'Lorem ipsum dolor sit amet, consectetur adipiscing elit. Sed non risus. Suspendisse lectus tortor, dignissim sit amet, adipiscing nec, ultricies sed, dolor. Cras elementum ultrices diam. Maecenas ligula massa, varius a, semper congue, euismod non, mi. Proin porttitor, orci nec nonummy molestie, enim est eleifend mi, non fermentum diam nisl sit amet erat. Duis semper. Duis arcu massa, scelerisque vitae, consequat in, pretium a, enim. Pellentesque congue. Ut in risus volutpat libero pharetra tempor. Cras vestibulum bibendum augue. Praesent egestas leo in pede. Praesent blandit odio eu enim. Pellentesque sed dui ut augue blandit sodales. Vestibulum ante ipsum primis in faucibus orci luctus et ultrices posuere cubilia Curae; Aliquam nibh. Mauris ac mauris sed pede pellentesque fermentum. Maecenas adipiscing ante non diam sodales hendrerit.\n\nUt velit mauris, egestas sed, gravida nec, ornare ut, mi. Aenean ut orci vel massa suscipit pulvinar. Nulla sollicitudin. Fusce varius, ligula non tempus aliquam, nunc turpis ullamcorper nibh, in tempus sapien eros vitae ligula. Pellentesque rhoncus nunc et augue. Integer id felis. Curabitur aliquet pellentesque diam. Integer quis metus vitae elit lobortis egestas. Lorem ipsum dolor sit amet, consectetuer adipiscing elit. Morbi vel erat non mauris convallis vehicula. Nulla et sapien. Integer tortor tellus, aliquam faucibus, convallis id, congue eu, quam. Mauris ullamcorper felis vitae erat. Proin feugiat, augue non elementum posuere, metus purus iaculis lectus, et tristique ligula justo vitae magna.\nAliquam convallis sollicitudin purus. Praesent aliquam, enim at fermentum mollis, ligula massa adipiscing nisl, ac euismod nibh nisl eu lectus. Fusce vulputate sem at sapien. Vivamus leo. Aliquam euismod libero eu enim. Nulla nec felis sed leo placerat imperdiet. Aenean suscipit nulla in justo. Suspendisse cursus rutrum augue. Nulla tincidunt tincidunt mi. Curabitur iaculis, lorem vel rhoncus faucibus, felis magna fermentum augue, et ultricies lacus lorem varius purus. Curabitur eu amet.', '2019-10-21 15:49:54', 8, 5, 'ok'),
(54, 'Ostendit ut efficiatur de', 'Ostendit ut efficiatur nihil disserendi', 'Alii nullo quaerente vultus severitate adsimulata patrimonia sua in inmensum extollunt, cultorum ut puta feracium multiplicantes annuos fructus, quae a primo ad ultimum solem se abunde iactitant possidere, ignorantes profecto maiores suos, per quos ita magnitudo Romana porrigitur, non divitiis eluxisse sed per bella saevissima, nec opibus nec victu nec indumentorum vilitate gregariis militibus discrepantes opposita cuncta superasse virtute.\n\nCirca hos dies Lollianus primae lanuginis adulescens, Lampadi filius ex praefecto, exploratius causam Maximino spectante, convictus codicem noxiarum artium nondum per aetatem firmato consilio descripsisse, exulque mittendus, ut sperabatur, patris inpulsu provocavit ad principem, et iussus ad eius comitatum duci, de fumo, ut aiunt, in flammam traditus Phalangio Baeticae consulari cecidit funesti carnificis manu.\n\nRestabat ut Caesar post haec properaret accitus et abstergendae causa suspicionis sororem suam, eius uxorem, Constantius ad se tandem desideratam venire multis fictisque blanditiis hortabatur. quae licet ambigeret metuens saepe cruentum, spe tamen quod eum lenire poterit ut germanum profecta, cum Bithyniam introisset, in statione quae Caenos Gallicanos appellatur, absumpta est vi febrium repentina. cuius post obitum maritus contemplans cecidisse fiduciam qua se fultum existimabat, anxia cogitatione, quid moliretur haerebat.\n', '2019-11-22 13:51:35', 12, 2, NULL),
(56, 'Vel permissi 2345', 'Vel permissi rem cautela et.', 'Inter haec Orfitus praefecti potestate regebat urbem aeternam ultra modum delatae dignitatis sese efferens insolenter, vir quidem prudens et forensium negotiorum oppido gnarus, sed splendore liberalium doctrinarum minus quam nobilem decuerat institutus, quo administrante seditiones sunt concitatae graves ob inopiam vini: huius avidis usibus vulgus intentum ad motus asperos excitatur et crebros.\n\nCognitis enim pilatorum caesorumque funeribus nemo deinde ad has stationes appulit navem, sed ut Scironis praerupta letalia declinantes litoribus Cypriis contigui navigabant, quae Isauriae scopulis sunt controversa.\n\nExsistit autem hoc loco quaedam quaestio subdifficilis, num quando amici novi, digni amicitia, veteribus sint anteponendi, ut equis vetulis teneros anteponere solemus. Indigna homine dubitatio! Non enim debent esse amicitiarum sicut aliarum rerum satietates; veterrima quaeque, ut ea vina, quae vetustatem ferunt, esse debet suavissima; verumque illud est, quod dicitur, multos modios salis simul edendos esse, ut amicitiae munus expletum sit.\n\nPost quorum necem nihilo lenius ferociens Gallus ut leo cadaveribus pastus multa huius modi scrutabatur. quae singula narrare non refert, me professione modum, quod evitandum est, excedamus.\n\nEx turba vero imae sortis et paupertinae in tabernis aliqui pernoctant vinariis, non nulli velariis umbraculorum theatralium latent, quae Campanam imitatus lasciviam Catulus in aedilitate sua suspendit omnium primus; aut pugnaciter aleis certant turpi sono fragosis naribus introrsum reducto spiritu concrepantes; aut quod est studiorum omnium maximum ab ortu lucis ad vesperam sole fatiscunt vel pluviis, per minutias aurigarum equorumque praecipua vel delicta scrutantes.\n', '2019-11-22 14:00:19', 12, 9, 'ok'),
(57, 'Alii nullo quaerente ', 'Et eodem impetu Domitianum praecipitem', 'Haec igitur lex in amicitia sanciatur, ut neque rogemus res turpes nec faciamus rogati. Turpis enim excusatio est et minime accipienda cum in ceteris peccatis, tum si quis contra rem publicam se amici causa fecisse fateatur. Etenim eo loco, Fanni et Scaevola, locati sumus ut nos longe prospicere oporteat futuros casus rei publicae. Deflexit iam aliquantum de spatio curriculoque consuetudo maiorum.\n\nEt eodem impetu Domitianum praecipitem per scalas itidem funibus constrinxerunt, eosque coniunctos per ampla spatia civitatis acri raptavere discursu. iamque artuum et membrorum divulsa conpage superscandentes corpora mortuorum ad ultimam truncata deformitatem velut exsaturati mox abiecerunt in flumen.\n\nEx turba vero imae sortis et paupertinae in tabernis aliqui pernoctant vinariis, non nulli velariis umbraculorum theatralium latent, quae Campanam imitatus lasciviam Catulus in aedilitate sua suspendit omnium primus; aut pugnaciter aleis certant turpi sono fragosis naribus introrsum reducto spiritu concrepantes; aut quod est studiorum omnium maximum ab ortu lucis ad vesperam sole fatiscunt vel pluviis, per minutias aurigarum equorumque praecipua vel delicta scrutantes.\n\nHaec igitur prima lex amicitiae sanciatur, ut ab amicis honesta petamus, amicorum causa honesta faciamus, ne exspectemus quidem, dum rogemur; studium semper adsit, cunctatio absit; consilium vero dare audeamus libere. Plurimum in amicitia amicorum bene suadentium valeat auctoritas, eaque et adhibeatur ad monendum non modo aperte sed etiam acriter, si res postulabit, et adhibitae pareatur.\n\nNovitates autem si spem adferunt, ut tamquam in herbis non fallacibus fructus appareat, non sunt illae quidem repudiandae, vetustas tamen suo loco conservanda; maxima est enim vis vetustatis et consuetudinis. Quin in ipso equo, cuius modo feci mentionem, si nulla res impediat, nemo est, quin eo, quo consuevit, libentius utatur quam intractato et novo. Nec vero in hoc quod est animal, sed in iis etiam quae sunt inanima, consuetudo valet, cum locis ipsis delectemur, montuosis etiam et silvestribus, in quibus diutius commorati sumus.', '2019-12-13 13:30:28', 8, 9, 'ok'),
(60, 'amicitias essent idonei', 'Nihil est enim remuneratione', 'Primi igitur omnium statuuntur Epigonus et Eusebius ob nominum gentilitatem oppressi. praediximus enim Montium sub ipso vivendi termino his vocabulis appellatos fabricarum culpasse tribunos ut adminicula futurae molitioni pollicitos.\n\nSed si ille hac tam eximia fortuna propter utilitatem rei publicae frui non properat, ut omnia illa conficiat, quid ego, senator, facere debeo, quem, etiamsi ille aliud vellet, rei publicae consulere oporteret?', '2019-12-18 16:13:01', 13, 9, NULL);

-- --------------------------------------------------------

--
-- Structure de la table `user`
--

CREATE TABLE `user` (
  `id` int(10) NOT NULL,
  `firstname` varchar(40) NOT NULL,
  `lastname` varchar(60) NOT NULL,
  `email` varchar(128) NOT NULL,
  `password` varchar(64) NOT NULL,
  `city` varchar(50) NOT NULL,
  `created_at` datetime NOT NULL,
  `last_login_at` datetime DEFAULT NULL
) ENGINE=InnoDB DEFAULT CHARSET=utf8mb4;

--
-- Déchargement des données de la table `user`
--

INSERT INTO `user` (`id`, `firstname`, `lastname`, `email`, `password`, `city`, `created_at`, `last_login_at`) VALUES
(1, 'Nicolas', 'Capozzi', 'nicolas.capozzi@laposte.net', 'Nicolas12345*', 'Le Touvet', '2019-08-14 00:00:00', NULL),
(2, 'Walter', 'White', 'walterwhite@gmail.com', '1234', 'Albuquerque', '2019-08-20 01:00:00', NULL),
(3, 'Jesse', 'Pinkman', 'jessepinkman@gmail.com', '1234', 'Albuquerque', '2019-08-20 03:00:00', NULL),
(4, 'Saul', 'Goodman', 'Bettercallsaul@gmail.com', '1234', 'Albuquerque', '2019-08-20 05:00:00', NULL),
(5, 'Emilie', 'JC', 'emilie.jc@gmail.com', '$2y$11$EfI53JZdFq11aBp/CWedtuq6uPFBBz0MpV/2wwKcxlUUvyVZV75qq', 'Le cheylas', '2019-08-22 13:57:04', NULL),
(7, 'André', 'Lepaté', 'andreLepate@aol.fr', '$2y$11$8CXBEQjI6dnnXWG1iIqaDOG9dQhYWQ9J4Iwlhx5A7refWzCWd/Pke', 'Montmirail', '2019-08-23 13:01:55', NULL),
(8, 'Nicolas', 'Capozzi', 'nicolas.capozzi@gmail.com', '$2y$11$WwLB8nw5Q2thSiBRpkIzUu2T2DRO72XsHAmNnhOmGYtazbFpAj9gO', 'Le Touvet', '2019-09-02 13:24:15', NULL),
(9, 'Dupont', 'Jacques', 'jacques.dupont@gmail.com', '$2y$11$jIIIsHgeFbwxuu.YjDN3Hefgl7Us8UN72yJUAhak6aBIbPnnAnoJ.', 'Saint Moret', '2019-09-18 14:11:41', NULL),
(10, 'Noel', 'Pere', 'pere.noel@gmail.com', '$2y$11$9eFOTnczwqczDvGELHuYMO2lha.xwS9Iv7i8maJG3o5FtDPyONaXC', 'Laponia', '2019-09-19 13:13:44', NULL),
(11, 'Mere', 'Noel', 'mere.noel@gmail.com', '$2y$11$ubavYj3698U1RNXI9TlVXeC8NdWdFF4x2ahhqRdYcsafrWtuIojKm', 'Laponia', '2019-09-19 13:16:17', NULL),
(12, 'Michel', 'Colucci', 'coco@gmail.com', '$2y$11$dBWr4ZaFrqQ7pLZHKtk5EuQqAP1O7Gyyit4v.4pIAteGR2DjprJRy', 'Paris', '2019-11-22 13:47:28', NULL),
(13, 'François', 'Pignon', 'francois.pignon@gmail.com', '$2y$11$dKEkhe8gO6rBryfFtQ2jHOdL3JSmBWUa8AcfMskWIksc0QWDtiXiu', 'Le havre', '2019-12-18 16:00:42', NULL);

--
-- Index pour les tables déchargées
--

--
-- Index pour la table `category`
--
ALTER TABLE `category`
  ADD PRIMARY KEY (`id`);

--
-- Index pour la table `ingredient`
--
ALTER TABLE `ingredient`
  ADD PRIMARY KEY (`id`),
  ADD KEY `recipe_id` (`recipe_id`);

--
-- Index pour la table `recipe`
--
ALTER TABLE `recipe`
  ADD PRIMARY KEY (`id`),
  ADD KEY `category_id` (`category_id`),
  ADD KEY `user_id` (`user_id`);

--
-- Index pour la table `user`
--
ALTER TABLE `user`
  ADD PRIMARY KEY (`id`);

--
-- AUTO_INCREMENT pour les tables déchargées
--

--
-- AUTO_INCREMENT pour la table `category`
--
ALTER TABLE `category`
  MODIFY `id` int(10) NOT NULL AUTO_INCREMENT, AUTO_INCREMENT=11;

--
-- AUTO_INCREMENT pour la table `ingredient`
--
ALTER TABLE `ingredient`
  MODIFY `id` int(10) UNSIGNED NOT NULL AUTO_INCREMENT, AUTO_INCREMENT=284;

--
-- AUTO_INCREMENT pour la table `recipe`
--
ALTER TABLE `recipe`
  MODIFY `id` int(10) NOT NULL AUTO_INCREMENT, AUTO_INCREMENT=61;

--
-- AUTO_INCREMENT pour la table `user`
--
ALTER TABLE `user`
  MODIFY `id` int(10) NOT NULL AUTO_INCREMENT, AUTO_INCREMENT=14;

--
-- Contraintes pour les tables déchargées
--

--
-- Contraintes pour la table `ingredient`
--
ALTER TABLE `ingredient`
  ADD CONSTRAINT `ingredient_ibfk_1` FOREIGN KEY (`recipe_id`) REFERENCES `recipe` (`id`) ON DELETE CASCADE ON UPDATE CASCADE;

--
-- Contraintes pour la table `recipe`
--
ALTER TABLE `recipe`
  ADD CONSTRAINT `recipe_ibfk_1` FOREIGN KEY (`category_id`) REFERENCES `category` (`id`) ON DELETE CASCADE ON UPDATE CASCADE,
  ADD CONSTRAINT `recipe_ibfk_2` FOREIGN KEY (`user_id`) REFERENCES `user` (`id`) ON DELETE CASCADE ON UPDATE CASCADE;
